"package_date","bc_id","sdtmig_start_version","sdtmig_end_version","domain","vlm_source","vlm_group_id","short_name","sdtm_variable","dec_id","nsv_flag","codelist","codelist_submission_value","subset_codelist","value_list","assigned_term","assigned_value","role","subject","linking_phrase","predicate_term","object","data_type","length","format","significant_digits","mandatory_variable","mandatory_value","origin_type","origin_source","comparator","vlm_target"
"2026-05-26","C16358","3-2","","VS","VS.VSTESTCD","BMI","Body Mass Index","VSDTC","C82515","N","","","","","","","Timing","VSDTC","is the date of occurrence for","IS_TIMING_FOR","VSTESTCD","","","","","Y","N","","","",""
"2026-05-26","C16358","3-2","","VS","VS.VSTESTCD","BMI","Body Mass Index","VSORRES","C70856","N","","","","","","","Qualifier","VSORRES","is the result of the test in","IS_RESULT_OF","VSTESTCD","float","8.0","8.3","3.0","Y","N","Collected","Investigator","","Y"
"2026-05-26","C16358","3-2","","VS","VS.VSTESTCD","BMI","Body Mass Index","VSORRESU","C42575","N","C71620","UNIT","UNIT_BMI","kg/m2;psi","","","Qualifier","VSORRESU","is the unit for the value in","IS_UNIT_FOR","VSORRES","text","20.0","","","Y","N","Collected","Investigator","","Y"
"2026-05-26","C16358","3-2","","VS","VS.VSTESTCD","BMI","Body Mass Index","VSSTRESC","C70856","N","","","","","","","Qualifier","VSSTRESC","is the result of the test in","IS_RESULT_OF","VSTESTCD","float","8.0","8.3","3.0","N","N","Derived","Sponsor","","Y"
"2026-05-26","C16358","3-2","","VS","VS.VSTESTCD","BMI","Body Mass Index","VSSTRESN","C70856","N","","","","","","","Qualifier","VSSTRESN","is the result of the test in","IS_RESULT_OF","VSTESTCD","float","8.0","8.3","3.0","N","N","Derived","Sponsor","","Y"
"2026-05-26","C16358","3-2","","VS","VS.VSTESTCD","BMI","Body Mass Index","VSSTRESU","C42575","N","C66770","VSRESU","","","","","Qualifier","VSSTRESU","is the unit for the value in","IS_UNIT_FOR","VSSTRESN","text","20.0","","","N","N","Assigned","Sponsor","","Y"
"2026-05-26","C16358","3-2","","VS","VS.VSTESTCD","BMI","Body Mass Index","VSTEST","","N","C67153","VSTEST","","","C16358","Body Mass Index","Qualifier","VSTEST","decodes the value in","DECODES","VSTESTCD","","","","","Y","Y","Assigned","Sponsor","",""
"2026-05-26","C16358","3-2","","VS","VS.VSTESTCD","BMI","Body Mass Index","VSTESTCD","","N","C66741","VSTESTCD","","","C16358","BMI","Topic","VSTESTCD","is the code for the value in","IS_DECODED_BY","VSTEST","","","","","Y","Y","Assigned","Sponsor","EQ",""
"2026-05-26","C25299","3-2","","VS","VS.VSTESTCD","DIABP","Diastolic Blood Pressure","VSDTC","C82515","N","","","","","","","Timing","VSDTC","is the date of occurrence for","IS_TIMING_FOR","VSTESTCD","","","","","Y","N","","","",""
"2026-05-26","C25299","3-2","","VS","VS.VSTESTCD","DIABP","Diastolic Blood Pressure","VSLAT","C25185","N","C99073","LAT","VSLAT_BP","LEFT;RIGHT","","","Qualifier","VSLAT","further specifies the anatomical location in","SPECIFIES","VSLOC","","","","","N","N","","","IN",""
"2026-05-26","C25299","3-2","","VS","VS.VSTESTCD","DIABP","Diastolic Blood Pressure","VSLOC","C13717","N","C74456","LOC","","BRACHIAL ARTERY;CAROTID ARTERY;DORSALIS PEDIS ARTERY;FEMORAL ARTERY;FINGER;RADIAL ARTERY","","","Qualifier","VSLOC","specifies the anatomical location of the performance of the test in","SPECIFIES","VSTESTCD","","","","","N","N","","","IN",""
"2026-05-26","C25299","3-2","","VS","VS.VSTESTCD","DIABP","Diastolic Blood Pressure","VSORRES","C70856","N","","","","","","","Qualifier","VSORRES","is the result of the test in","IS_RESULT_OF","VSTESTCD","integer","3.0","","","Y","N","Collected","Investigator","","Y"
"2026-05-26","C25299","3-2","","VS","VS.VSTESTCD","DIABP","Diastolic Blood Pressure","VSORRESU","C49669","N","C66770","VSRESU","","","C49670","mmHg","Qualifier","VSORRESU","is the unit for the value in","IS_UNIT_FOR","VSORRES","text","20.0","","","Y","N","Collected","Investigator","","Y"
"2026-05-26","C25299","3-2","","VS","VS.VSTESTCD","DIABP","Diastolic Blood Pressure","VSPOS","C62164","N","C71148","POSITION","","PRONE;SEMI-RECUMBENT;SITTING;STANDING;SUPINE","","","Qualifier","VSPOS","is the subject position during performance of the test in","IS_SUBJECT_STATE_FOR","VSTESTCD","","","","","N","N","","","IN",""
"2026-05-26","C25299","3-2","","VS","VS.VSTESTCD","DIABP","Diastolic Blood Pressure","VSSTRESC","C70856","N","","","","","","","Qualifier","VSSTRESC","is the result of the test in","IS_RESULT_OF","VSTESTCD","integer","3.0","","","N","N","Derived","Sponsor","","Y"
"2026-05-26","C25299","3-2","","VS","VS.VSTESTCD","DIABP","Diastolic Blood Pressure","VSSTRESN","C70856","N","","","","","","","Qualifier","VSSTRESN","is the result of the test in","IS_RESULT_OF","VSTESTCD","integer","3.0","","","N","N","Derived","Sponsor","","Y"
"2026-05-26","C25299","3-2","","VS","VS.VSTESTCD","DIABP","Diastolic Blood Pressure","VSSTRESU","C49669","N","C66770","VSRESU","","","C49670","mmHg","Qualifier","VSSTRESU","is the unit for the value in","IS_UNIT_FOR","VSSTRESN","text","20.0","","","N","N","Assigned","Sponsor","","Y"
"2026-05-26","C25299","3-2","","VS","VS.VSTESTCD","DIABP","Diastolic Blood Pressure","VSTEST","","N","C67153","VSTEST","","","C25299","Diastolic Blood Pressure","Qualifier","VSTEST","decodes the value in","DECODES","VSTESTCD","","","","","Y","Y","Assigned","Sponsor","",""
"2026-05-26","C25299","3-2","","VS","VS.VSTESTCD","DIABP","Diastolic Blood Pressure","VSTESTCD","","N","C66741","VSTESTCD","","","C25299","DIABP","Topic","VSTESTCD","is the code for the value in","IS_DECODED_BY","VSTEST","","","","","Y","Y","Assigned","Sponsor","EQ",""
"2026-05-26","C164634","3-2","","VS","VS.VSTESTCD","HEIGHT","Height","VSDTC","C82515","N","","","","","","","Timing","VSDTC","is the date of occurrence for","IS_TIMING_FOR","VSTESTCD","","","","","Y","N","","","",""
"2026-05-26","C164634","3-2","","VS","VS.VSTESTCD","HEIGHT","Height","VSORRES","C70856","N","","","","","","","Qualifier","VSORRES","is the result of the test in","IS_RESULT_OF","VSTESTCD","float","8.0","8.3","3.0","Y","N","Collected","Investigator","","Y"
"2026-05-26","C164634","3-2","","VS","VS.VSTESTCD","HEIGHT","Height","VSORRESU","C168688","N","C66770","VSRESU","VSRESU_HT","cm;in;m","","","Qualifier","VSORRESU","is the unit for the value in","IS_UNIT_FOR","VSORRES","text","20.0","","","Y","N","Collected","Investigator","","Y"
"2026-05-26","C164634","3-2","","VS","VS.VSTESTCD","HEIGHT","Height","VSSTRESC","C70856","N","","","","","","","Qualifier","VSSTRESC","is the result of the test in","IS_RESULT_OF","VSTESTCD","float","8.0","8.3","3.0","N","N","Derived","Sponsor","","Y"
"2026-05-26","C164634","3-2","","VS","VS.VSTESTCD","HEIGHT","Height","VSSTRESN","C70856","N","","","","","","","Qualifier","VSSTRESN","is the result of the test in","IS_RESULT_OF","VSTESTCD","float","8.0","8.3","3.0","N","N","Derived","Sponsor","","Y"
"2026-05-26","C164634","3-2","","VS","VS.VSTESTCD","HEIGHT","Height","VSSTRESU","C168688","N","C66770","VSRESU","","","","","Qualifier","VSSTRESU","is the unit for the value in","IS_UNIT_FOR","VSSTRESN","text","20.0","","","N","N","Assigned","Sponsor","","Y"
"2026-05-26","C164634","3-2","","VS","VS.VSTESTCD","HEIGHT","Height","VSTEST","","N","C67153","VSTEST","","","C25347","Height","Qualifier","VSTEST","decodes the value in","DECODES","VSTESTCD","","","","","Y","Y","Assigned","Sponsor","",""
"2026-05-26","C164634","3-2","","VS","VS.VSTESTCD","HEIGHT","Height","VSTESTCD","","N","C66741","VSTESTCD","","","C25347","HEIGHT","Topic","VSTESTCD","is the code for the value in","IS_DECODED_BY","VSTEST","","","","","Y","Y","Assigned","Sponsor","EQ",""
"2026-05-26","C49677","3-2","","VS","VS.VSTESTCD","HR","Heart Rate","VSDTC","C82515","N","","","","","","","Timing","VSDTC","is the date of occurrence for","IS_TIMING_FOR","VSTESTCD","","","","","Y","N","","","",""
"2026-05-26","C49677","3-2","","VS","VS.VSTESTCD","HR","Heart Rate","VSLAT","C25185","N","C99073","LAT","VSLAT_BP","LEFT;RIGHT","","","Qualifier","VSLAT","further specifies the anatomical location in","SPECIFIES","VSLOC","","","","","N","N","","","IN",""
"2026-05-26","C49677","3-2","","VS","VS.VSTESTCD","HR","Heart Rate","VSLOC","C13717","N","C74456","LOC","","BRACHIAL ARTERY;CAROTID ARTERY;CEREBRAL ARTERY;DORSALIS PEDIS ARTERY;FEMORAL ARTERY;RADIAL ARTERY","","","Qualifier","VSLOC","specifies the anatomical location of the performance of the test in","SPECIFIES","VSTESTCD","","","","","N","N","","","IN",""
"2026-05-26","C49677","3-2","","VS","VS.VSTESTCD","HR","Heart Rate","VSORRES","C70856","N","","","","","","","Qualifier","VSORRES","is the result of the test in","IS_RESULT_OF","VSTESTCD","integer","3.0","","","Y","N","Collected","Investigator","","Y"
"2026-05-26","C49677","3-2","","VS","VS.VSTESTCD","HR","Heart Rate","VSORRESU","C73688","N","C66770","VSRESU","","","C49673","beats/min","Qualifier","VSORRESU","is the unit for the value in","IS_UNIT_FOR","VSORRES","text","20.0","","","Y","N","Collected","Investigator","","Y"
"2026-05-26","C49677","3-2","","VS","VS.VSTESTCD","HR","Heart Rate","VSPOS","C62164","N","C71148","POSITION","","PRONE;SEMI-RECUMBENT;SITTING;STANDING;SUPINE","","","Qualifier","VSPOS","is the subject position during performance of the test in","IS_SUBJECT_STATE_FOR","VSTESTCD","","","","","N","N","","","IN",""
"2026-05-26","C49677","3-2","","VS","VS.VSTESTCD","HR","Heart Rate","VSSTRESC","C70856","N","","","","","","","Qualifier","VSSTRESC","is the result of the test in","IS_RESULT_OF","VSTESTCD","integer","3.0","","","N","N","Derived","Sponsor","","Y"
"2026-05-26","C49677","3-2","","VS","VS.VSTESTCD","HR","Heart Rate","VSSTRESN","C70856","N","","","","","","","Qualifier","VSSTRESN","is the result of the test in","IS_RESULT_OF","VSTESTCD","integer","3.0","","","N","N","Derived","Sponsor","","Y"
"2026-05-26","C49677","3-2","","VS","VS.VSTESTCD","HR","Heart Rate","VSSTRESU","C73688","N","C66770","VSRESU","","","C49673","beats/min","Qualifier","VSSTRESU","is the unit for the value in","IS_UNIT_FOR","VSSTRESN","text","20.0","","","N","N","Assigned","Sponsor","","Y"
"2026-05-26","C49677","3-2","","VS","VS.VSTESTCD","HR","Heart Rate","VSTEST","","N","C67153","VSTEST","","","C49677","Heart Rate","Qualifier","VSTEST","decodes the value in","DECODES","VSTESTCD","","","","","Y","Y","Assigned","Sponsor","",""
"2026-05-26","C49677","3-2","","VS","VS.VSTESTCD","HR","Heart Rate","VSTESTCD","","N","C66741","VSTESTCD","","","C49677","HR","Topic","VSTESTCD","is the code for the value in","IS_DECODED_BY","VSTEST","","","","","Y","Y","Assigned","Sponsor","EQ",""
"2026-05-26","C49678","3-2","","VS","VS.VSTESTCD","RESP","Respiratory Rate","VSDTC","C82515","N","","","","","","","Timing","VSDTC","is the date of occurrence for","IS_TIMING_FOR","VSTESTCD","","","","","Y","N","","","",""
"2026-05-26","C49678","3-2","","VS","VS.VSTESTCD","RESP","Respiratory Rate","VSORRES","C70856","N","","","","","","","Qualifier","VSORRES","is the result of the test in","IS_RESULT_OF","VSTESTCD","integer","3.0","","","Y","N","Collected","Investigator","","Y"
"2026-05-26","C49678","3-2","","VS","VS.VSTESTCD","RESP","Respiratory Rate","VSORRESU","C73688","N","C66770","VSRESU","","","C49674","breaths/min","Qualifier","VSORRESU","is the unit for the value in","IS_UNIT_FOR","VSORRES","text","20.0","","","Y","N","Collected","Investigator","","Y"
"2026-05-26","C49678","3-2","","VS","VS.VSTESTCD","RESP","Respiratory Rate","VSSTRESC","C70856","N","","","","","","","Qualifier","VSSTRESC","is the result of the test in","IS_RESULT_OF","VSTESTCD","integer","3.0","","","N","N","Derived","Sponsor","","Y"
"2026-05-26","C49678","3-2","","VS","VS.VSTESTCD","RESP","Respiratory Rate","VSSTRESN","C70856","N","","","","","","","Qualifier","VSSTRESN","is the result of the test in","IS_RESULT_OF","VSTESTCD","integer","3.0","","","N","N","Derived","Sponsor","","Y"
"2026-05-26","C49678","3-2","","VS","VS.VSTESTCD","RESP","Respiratory Rate","VSSTRESU","C73688","N","C66770","VSRESU","","","C49674","breaths/min","Qualifier","VSSTRESU","is the unit for the value in","IS_UNIT_FOR","VSSTRESN","text","20.0","","","N","N","Assigned","Sponsor","","Y"
"2026-05-26","C49678","3-2","","VS","VS.VSTESTCD","RESP","Respiratory Rate","VSTEST","","N","C67153","VSTEST","","","C49678","Respiratory Rate","Qualifier","VSTEST","decodes the value in","DECODES","VSTESTCD","","","","","Y","Y","Assigned","Sponsor","",""
"2026-05-26","C49678","3-2","","VS","VS.VSTESTCD","RESP","Respiratory Rate","VSTESTCD","","N","C66741","VSTESTCD","","","C49678","RESP","Topic","VSTESTCD","is the code for the value in","IS_DECODED_BY","VSTEST","","","","","Y","Y","Assigned","Sponsor","EQ",""
"2026-05-26","C25298","3-2","","VS","VS.VSTESTCD","SYSBP","Systolic Blood Pressure","VSDTC","C82515","N","","","","","","","Timing","VSDTC","is the date of occurrence for","IS_TIMING_FOR","VSTESTCD","","","","","Y","N","","","",""
"2026-05-26","C25298","3-2","","VS","VS.VSTESTCD","SYSBP","Systolic Blood Pressure","VSLAT","C25185","N","C99073","LAT","VSLAT_BP","LEFT;RIGHT","","","Qualifier","VSLAT","further specifies the anatomical location in","SPECIFIES","VSLOC","","","","","N","N","","","IN",""
"2026-05-26","C25298","3-2","","VS","VS.VSTESTCD","SYSBP","Systolic Blood Pressure","VSLOC","C13717","N","C74456","LOC","","BRACHIAL ARTERY;CAROTID ARTERY;DORSALIS PEDIS ARTERY;FEMORAL ARTERY;FINGER;RADIAL ARTERY","","","Qualifier","VSLOC","specifies the anatomical location of the performance of the test in","SPECIFIES","VSTESTCD","","","","","N","N","","","IN",""
"2026-05-26","C25298","3-2","","VS","VS.VSTESTCD","SYSBP","Systolic Blood Pressure","VSORRES","C70856","N","","","","","","","Qualifier","VSORRES","is the result of the test in","IS_RESULT_OF","VSTESTCD","integer","3.0","","","Y","N","Collected","Investigator","","Y"
"2026-05-26","C25298","3-2","","VS","VS.VSTESTCD","SYSBP","Systolic Blood Pressure","VSORRESU","C49669","N","C66770","VSRESU","","","C49670","mmHg","Qualifier","VSORRESU","is the unit for the value in","IS_UNIT_FOR","VSORRES","text","20.0","","","Y","N","Collected","Investigator","","Y"
"2026-05-26","C25298","3-2","","VS","VS.VSTESTCD","SYSBP","Systolic Blood Pressure","VSPOS","C62164","N","C71148","POSITION","","PRONE;SEMI-RECUMBENT;SITTING;STANDING;SUPINE","","","Qualifier","VSPOS","is the subject position during performance of the test in","IS_SUBJECT_STATE_FOR","VSTESTCD","","","","","N","N","","","IN",""
"2026-05-26","C25298","3-2","","VS","VS.VSTESTCD","SYSBP","Systolic Blood Pressure","VSSTRESC","C70856","N","","","","","","","Qualifier","VSSTRESC","is the result of the test in","IS_RESULT_OF","VSTESTCD","integer","3.0","","","N","N","Derived","Sponsor","","Y"
"2026-05-26","C25298","3-2","","VS","VS.VSTESTCD","SYSBP","Systolic Blood Pressure","VSSTRESN","C70856","N","","","","","","","Qualifier","VSSTRESN","is the result of the test in","IS_RESULT_OF","VSTESTCD","integer","3.0","","","N","N","Derived","Sponsor","","Y"
"2026-05-26","C25298","3-2","","VS","VS.VSTESTCD","SYSBP","Systolic Blood Pressure","VSSTRESU","C49669","N","C66770","VSRESU","","","C49670","mmHg","Qualifier","VSSTRESU","is the unit for the value in","IS_UNIT_FOR","VSSTRESN","text","20.0","","","N","N","Assigned","Sponsor","","Y"
"2026-05-26","C25298","3-2","","VS","VS.VSTESTCD","SYSBP","Systolic Blood Pressure","VSTEST","","N","C67153","VSTEST","","","C25298","Systolic Blood Pressure","Qualifier","VSTEST","decodes the value in","DECODES","VSTESTCD","","","","","Y","Y","Assigned","Sponsor","",""
"2026-05-26","C25298","3-2","","VS","VS.VSTESTCD","SYSBP","Systolic Blood Pressure","VSTESTCD","","N","C66741","VSTESTCD","","","C25298","SYSBP","Topic","VSTESTCD","is the code for the value in","IS_DECODED_BY","VSTEST","","","","","Y","Y","Assigned","Sponsor","EQ",""
"2026-05-26","C174446","3-2","","VS","VS.VSTESTCD","TEMP","Temperature","VSDTC","C82515","N","","","","","","","Timing","VSDTC","is the date of occurrence for","IS_TIMING_FOR","VSTESTCD","","","","","Y","N","","","",""
"2026-05-26","C174446","3-2","","VS","VS.VSTESTCD","TEMP","Temperature","VSLOC","C13717","N","C74456","LOC","VSLOC_TEMP","AXILLA;EAR;FOREHEAD;ORAL CAVITY;RECTUM","","","Qualifier","VSLOC","specifies the anatomical location of the performance of the test in","SPECIFIES","VSTESTCD","","","","","N","N","","","IN",""
"2026-05-26","C174446","3-2","","VS","VS.VSTESTCD","TEMP","Temperature","VSORRES","C70856","N","","","","","","","Qualifier","VSORRES","is the result of the test in","IS_RESULT_OF","VSTESTCD","float","8.0","8.3","3.0","Y","N","Collected","Investigator","","Y"
"2026-05-26","C174446","3-2","","VS","VS.VSTESTCD","TEMP","Temperature","VSORRESU","C44276","N","C66770","VSRESU","VSRESU_TEMP","C;F;K","","","Qualifier","VSORRESU","is the unit for the value in","IS_UNIT_FOR","VSORRES","text","20.0","","","Y","N","Collected","Investigator","","Y"
"2026-05-26","C174446","3-2","","VS","VS.VSTESTCD","TEMP","Temperature","VSSTRESC","C70856","N","","","","","","","Qualifier","VSSTRESC","is the result of the test in","IS_RESULT_OF","VSTESTCD","float","8.0","8.3","3.0","N","N","Derived","Sponsor","","Y"
"2026-05-26","C174446","3-2","","VS","VS.VSTESTCD","TEMP","Temperature","VSSTRESN","C70856","N","","","","","","","Qualifier","VSSTRESN","is the result of the test in","IS_RESULT_OF","VSTESTCD","float","8.0","8.3","3.0","N","N","Derived","Sponsor","","Y"
"2026-05-26","C174446","3-2","","VS","VS.VSTESTCD","TEMP","Temperature","VSSTRESU","C44276","N","C66770","VSRESU","","","","","Qualifier","VSSTRESU","is the unit for the value in","IS_UNIT_FOR","VSSTRESN","text","20.0","","","N","N","Assigned","Sponsor","","Y"
"2026-05-26","C174446","3-2","","VS","VS.VSTESTCD","TEMP","Temperature","VSTEST","","N","C67153","VSTEST","","","C174446","Temperature","Qualifier","VSTEST","decodes the value in","DECODES","VSTESTCD","","","","","Y","Y","Assigned","Sponsor","",""
"2026-05-26","C174446","3-2","","VS","VS.VSTESTCD","TEMP","Temperature","VSTESTCD","","N","C66741","VSTESTCD","","","C174446","TEMP","Topic","VSTESTCD","is the code for the value in","IS_DECODED_BY","VSTEST","","","","","Y","Y","Assigned","Sponsor","EQ",""
"2026-05-26","C81328","3-2","","VS","VS.VSTESTCD","WEIGHT","Weight","VSDTC","C82515","N","","","","","","","Timing","VSDTC","is the date of occurrence for","IS_TIMING_FOR","VSTESTCD","","","","","Y","N","","","",""
"2026-05-26","C81328","3-2","","VS","VS.VSTESTCD","WEIGHT","Weight","VSORRES","C70856","N","","","","","","","Qualifier","VSORRES","is the result of the test in","IS_RESULT_OF","VSTESTCD","float","8.0","8.3","3.0","Y","N","Collected","Investigator","","Y"
"2026-05-26","C81328","3-2","","VS","VS.VSTESTCD","WEIGHT","Weight","VSORRESU","C48208","N","C66770","VSRESU","VSRESU_WT","LB;g;kg","","","Qualifier","VSORRESU","is the unit for the value in","IS_UNIT_FOR","VSORRES","text","20.0","","","Y","N","Collected","Investigator","","Y"
"2026-05-26","C81328","3-2","","VS","VS.VSTESTCD","WEIGHT","Weight","VSSTRESC","C70856","N","","","","","","","Qualifier","VSSTRESC","is the result of the test in","IS_RESULT_OF","VSTESTCD","float","8.0","8.3","3.0","N","N","Derived","Sponsor","","Y"
"2026-05-26","C81328","3-2","","VS","VS.VSTESTCD","WEIGHT","Weight","VSSTRESN","C70856","N","","","","","","","Qualifier","VSSTRESN","is the result of the test in","IS_RESULT_OF","VSTESTCD","float","8.0","8.3","3.0","N","N","Derived","Sponsor","","Y"
"2026-05-26","C81328","3-2","","VS","VS.VSTESTCD","WEIGHT","Weight","VSSTRESU","C48208","N","C66770","VSRESU","","","","","Qualifier","VSSTRESU","is the unit for the value in","IS_UNIT_FOR","VSSTRESN","text","20.0","","","N","N","Assigned","Sponsor","","Y"
"2026-05-26","C81328","3-2","","VS","VS.VSTESTCD","WEIGHT","Weight","VSTEST","","N","C67153","VSTEST","","","C25208","Weight","Qualifier","VSTEST","decodes the value in","DECODES","VSTESTCD","","","","","Y","Y","Assigned","Sponsor","",""
"2026-05-26","C81328","3-2","","VS","VS.VSTESTCD","WEIGHT","Weight","VSTESTCD","","N","C66741","VSTESTCD","","","C25208","WEIGHT","Topic","VSTESTCD","is the code for the value in","IS_DECODED_BY","VSTEST","","","","","Y","Y","Assigned","Sponsor","EQ",""
